customer_id,recency_days,frequency,monetary,R,F,M,rfm_segment
1,1,1279,354106.67,5,5,5,Champions
2,2,761,215151.85,5,5,5,Champions
3,1,568,157494.53,5,5,5,Champions
4,1,421,114103.69,5,5,5,Champions
5,5,356,106655.54,5,5,5,Champions
6,2,273,78564.94,5,5,5,Champions
7,1,261,73586.12,5,5,5,Champions
8,8,212,66764.28,5,5,5,Champions
9,3,208,59860.61,5,5,5,Champions
10,4,210,57865.16,5,5,5,Champions
11,2,218,60075.32,5,5,5,Champions
12,3,180,49902.59,5,5,5,Champions
13,4,175,49573.26,5,5,5,Champions
14,7,165,50013.37,5,5,5,Champions
15,8,148,39480.55,5,5,5,Champions
16,8,139,37245.96,5,5,5,Champions
17,2,127,35227.64,5,5,5,Champions
18,46,130,36945.46,4,5,5,Loyal
19,7,106,30823.16,5,5,5,Champions
20,3,132,37839.46,5,5,5,Champions
21,1,108,30319.07,5,5,5,Champions
22,3,104,30000.51,5,5,5,Champions
23,4,107,34858.83,5,5,5,Champions
24,6,105,31398.16,5,5,5,Champions
25,4,88,23915.13,5,5,5,Champions
26,1,87,26829.91,5,5,5,Champions
27,1,102,27880.49,5,5,5,Champions
28,10,83,21089.3,5,5,5,Champions
29,2,91,21834.56,5,5,5,Champions
30,8,88,26649.65,5,5,5,Champions
31,5,80,23136.08,5,5,5,Champions
32,1,78,21316.36,5,5,5,Champions
33,34,78,23529.79,4,5,5,Loyal
34,18,67,17497.09,5,5,5,Champions
35,5,74,18566.5,5,5,5,Champions
36,8,65,18064.68,5,5,5,Champions
37,56,64,23250.17,3,5,5,Potential Loyalist
38,47,64,17225.68,4,5,5,Loyal
39,32,61,15904.08,4,5,5,Loyal
40,26,65,20161.81,4,5,5,Loyal
41,35,64,15869.28,4,5,5,Loyal
42,19,62,18958.23,5,5,5,Champions
43,8,65,17367.37,5,5,5,Champions
44,6,84,22336.34,5,5,5,Champions
45,1,76,27946.69,5,5,5,Champions
46,7,70,23344.53,5,5,5,Champions
47,12,71,17494.08,5,5,5,Champions
48,33,66,14401.2,4,5,5,Loyal
49,8,58,19211.9,5,5,5,Champions
50,5,53,17374.86,5,5,5,Champions
51,5,60,14790.68,5,5,5,Champions
52,15,40,15143.49,5,5,5,Champions
53,9,47,11127.15,5,5,5,Champions
54,5,62,14886.33,5,5,5,Champions
55,8,45,17186.0,5,5,5,Champions
56,8,47,13661.92,5,5,5,Champions
57,23,50,16231.2,4,5,5,Loyal
58,58,54,14014.45,3,5,5,Potential Loyalist
59,24,40,14237.52,4,5,5,Loyal
60,15,44,13472.08,5,5,5,Champions
61,4,48,13184.21,5,5,5,Champions
62,20,54,14778.87,5,5,5,Champions
63,1,50,13215.44,5,5,5,Champions
64,6,48,14162.39,5,5,5,Champions
65,7,46,14972.79,5,5,5,Champions
66,57,33,8338.25,3,5,5,Potential Loyalist
67,32,48,10643.82,4,5,5,Loyal
68,31,36,8798.43,4,5,5,Loyal
69,24,35,7354.27,4,5,5,Loyal
70,10,39,13209.17,5,5,5,Champions
71,25,35,8759.48,4,5,5,Loyal
72,11,33,11280.19,5,5,5,Champions
73,54,41,10422.01,3,5,5,Potential Loyalist
74,10,46,14048.52,5,5,5,Champions
75,4,44,17528.74,5,5,5,Champions
76,55,46,16938.78,3,5,5,Potential Loyalist
77,34,41,11569.94,4,5,5,Loyal
78,29,48,12764.58,4,5,5,Loyal
79,4,44,12271.33,5,5,5,Champions
80,32,39,11162.28,4,5,5,Loyal
81,39,39,9602.52,4,5,5,Loyal
82,22,48,13097.94,4,5,5,Loyal
83,11,48,13007.72,5,5,5,Champions
84,41,41,11345.69,4,5,5,Loyal
85,9,36,12397.15,5,5,5,Champions
86,122,45,12676.32,2,5,5,Potential Loyalist
87,12,43,11159.89,5,5,5,Champions
88,22,32,8316.87,4,5,5,Loyal
89,1,34,8111.95,5,5,5,Champions
90,15,34,8848.75,5,5,5,Champions
91,34,42,11797.05,4,5,5,Loyal
92,47,42,10450.95,4,5,5,Loyal
93,87,34,12659.25,3,5,5,Potential Loyalist
94,178,32,9651.08,2,5,5,Potential Loyalist
95,59,26,4480.93,3,5,4,Loyal
96,124,30,12340.95,2,5,5,Potential Loyalist
97,24,31,11260.38,4,5,5,Loyal
98,222,26,6717.19,1,5,5,Potential Loyalist
99,17,38,10213.17,5,5,5,Champions
100,71,32,6437.49,3,5,5,Potential Loyalist
101,13,44,13185.82,5,5,5,Champions
102,15,33,6964.11,5,5,5,Champions
103,27,37,8724.39,4,5,5,Loyal
104,48,26,6371.79,3,5,5,Potential Loyalist
105,36,38,9404.59,4,5,5,Loyal
106,41,30,8711.02,4,5,5,Loyal
107,37,27,8009.85,4,5,5,Loyal
108,15,35,9930.63,5,5,5,Champions
109,18,34,9070.21,5,5,5,Champions
110,20,41,12116.23,5,5,5,Champions
111,6,19,5200.02,5,4,4,Loyal
112,78,27,5893.87,3,5,5,Potential Loyalist
113,16,32,7059.28,5,5,5,Champions
114,23,27,7945.1,4,5,5,Loyal
115,16,34,8452.61,5,5,5,Champions
116,22,28,11365.61,4,5,5,Loyal
117,48,39,13764.25,3,5,5,Potential Loyalist
118,117,21,6013.14,2,5,5,Potential Loyalist
119,63,21,6432.13,3,5,5,Potential Loyalist
120,8,31,7261.53,5,5,5,Champions
121,4,27,4995.2,5,5,4,Champions
122,20,31,10059.23,5,5,5,Champions
123,25,24,4270.94,4,5,4,Loyal
124,47,17,2983.0,4,4,3,Loyal
125,5,32,9100.32,5,5,5,Champions
126,29,29,5609.6,4,5,4,Loyal
127,67,20,7227.84,3,4,5,Loyal
128,78,26,4947.21,3,5,4,Loyal
129,118,26,5560.35,2,5,4,Loyal
130,146,23,8444.67,2,5,5,Potential Loyalist
131,42,23,5873.23,4,5,5,Loyal
132,52,19,5205.17,3,4,4,Potential Loyalist
133,28,20,5411.0,4,4,4,Loyal
134,106,19,5401.68,2,4,4,Potential Loyalist
135,5,24,6263.04,5,5,5,Champions
136,18,25,7850.8,5,5,5,Champions
137,31,27,7077.88,4,5,5,Loyal
138,36,22,5776.28,4,5,5,Loyal
139,49,24,5331.79,3,5,4,Loyal
140,45,33,6806.1,4,5,5,Loyal
141,155,29,10387.47,2,5,5,Potential Loyalist
142,12,25,7006.52,5,5,5,Champions
143,54,23,6480.31,3,5,5,Potential Loyalist
144,92,27,5744.58,3,5,5,Potential Loyalist
145,38,22,5199.59,4,5,4,Loyal
146,75,20,4341.24,3,4,4,Potential Loyalist
147,74,25,7228.69,3,5,5,Potential Loyalist
148,58,25,5260.4,3,5,4,Loyal
149,20,27,7440.12,5,5,5,Champions
150,187,23,5126.16,2,5,4,Loyal
151,48,19,7753.47,3,4,5,Loyal
152,14,28,6495.83,5,5,5,Champions
153,34,26,11985.81,4,5,5,Loyal
154,25,36,8431.58,4,5,5,Loyal
155,50,23,7102.3,3,5,5,Potential Loyalist
156,97,30,6654.27,3,5,5,Potential Loyalist
157,60,24,7053.9,3,5,5,Potential Loyalist
158,15,21,6611.61,5,5,5,Champions
159,79,27,7340.94,3,5,5,Potential Loyalist
160,65,22,5068.38,3,5,4,Loyal
161,44,21,5593.6,4,5,4,Loyal
162,46,21,7841.39,4,5,5,Loyal
163,17,27,5395.24,5,5,4,Champions
164,223,20,5032.61,1,4,4,Potential Loyalist
165,10,19,5122.51,5,4,4,Loyal
166,65,20,4964.01,3,4,4,Potential Loyalist
167,81,17,4028.05,3,4,4,Potential Loyalist
168,36,25,7837.01,4,5,5,Loyal
169,171,15,2631.93,2,4,3,Potential Loyalist
170,164,18,4170.34,2,4,4,Potential Loyalist
171,125,29,6024.8,2,5,5,Potential Loyalist
172,81,20,6641.32,3,4,5,Loyal
173,11,21,5744.11,5,5,5,Champions
174,189,20,6228.97,2,4,5,Loyal
175,26,22,4474.69,4,5,4,Loyal
176,2,26,8293.91,5,5,5,Champions
177,12,23,4987.95,5,5,4,Champions
178,3,21,4288.53,5,5,4,Champions
179,44,17,4976.31,4,4,4,Loyal
180,68,18,5654.75,3,4,5,Loyal
181,68,24,6154.18,3,5,5,Potential Loyalist
182,67,23,5990.58,3,5,5,Potential Loyalist
183,66,15,4017.78,3,4,4,Potential Loyalist
184,79,21,4932.4,3,5,4,Loyal
185,41,19,7986.93,4,4,5,Loyal
186,8,23,5750.52,5,5,5,Champions
187,38,21,5662.54,4,5,5,Loyal
188,1,21,7133.8,5,5,5,Champions
189,44,18,5279.73,4,4,4,Loyal
190,61,14,4361.38,3,4,4,Potential Loyalist
191,22,22,5626.48,4,5,5,Loyal
192,42,17,5596.98,4,4,4,Loyal
193,24,25,9477.93,4,5,5,Loyal
194,128,23,5964.04,2,5,5,Potential Loyalist
195,35,22,4685.74,4,5,4,Loyal
196,50,20,8966.54,3,4,5,Loyal
197,129,24,6632.77,2,5,5,Potential Loyalist
198,76,20,3801.64,3,4,4,Potential Loyalist
199,65,10,2067.07,3,3,2,Potential Loyalist
200,196,10,4269.44,1,3,4,Hibernating
201,118,20,6967.44,2,4,5,Loyal
202,27,18,6098.88,4,4,5,Loyal
203,6,13,2311.25,5,4,3,Loyal
204,41,10,2458.07,4,3,3,Promising
205,61,24,7330.87,3,5,5,Potential Loyalist
206,3,23,5665.0,5,5,5,Champions
207,24,18,5047.08,4,4,4,Loyal
208,118,22,5833.56,2,5,5,Potential Loyalist
209,39,23,4968.95,4,5,4,Loyal
210,12,11,2693.14,5,3,3,Promising
211,53,14,5408.85,3,4,4,Potential Loyalist
212,27,20,5314.23,4,4,4,Loyal
213,84,18,3718.02,3,4,4,Potential Loyalist
214,46,12,2169.33,4,3,2,Promising
215,4,25,5661.97,5,5,5,Champions
216,44,16,4857.02,4,4,4,Loyal
217,24,15,3333.74,4,4,3,Loyal
218,32,15,2922.27,4,4,3,Loyal
219,42,16,6896.93,4,4,5,Loyal
220,89,17,3839.54,3,4,4,Potential Loyalist
221,58,15,4456.69,3,4,4,Potential Loyalist
222,42,22,6647.41,4,5,5,Loyal
223,5,20,3913.97,5,4,4,Loyal
224,84,11,4807.52,3,3,4,Potential Loyalist
225,9,14,3435.49,5,4,4,Loyal
226,65,14,3535.39,3,4,4,Potential Loyalist
227,17,9,3478.21,5,3,4,Loyal
228,22,21,7709.56,4,5,5,Loyal
229,128,18,2997.45,2,4,3,Potential Loyalist
230,8,13,2612.17,5,4,3,Loyal
231,4,20,4495.03,5,4,4,Loyal
232,140,15,3636.23,2,4,4,Potential Loyalist
233,10,16,5554.64,5,4,4,Loyal
234,106,20,4920.96,2,4,4,Potential Loyalist
235,38,18,5329.73,4,4,4,Loyal
236,172,9,2552.49,2,3,3,At Risk
237,16,14,3339.07,5,4,3,Loyal
238,38,15,4274.2,4,4,4,Loyal
239,38,17,6449.52,4,4,5,Loyal
240,51,20,4089.44,3,4,4,Potential Loyalist
241,39,20,5428.25,4,4,4,Loyal
242,19,19,9382.18,5,4,5,Champions
243,41,13,2510.47,4,4,3,Loyal
244,98,15,2535.77,3,4,3,Potential Loyalist
245,24,11,4670.48,4,3,4,Loyal
246,16,16,3967.3,5,4,4,Loyal
247,103,20,7539.52,2,4,5,Loyal
248,46,15,4955.41,4,4,4,Loyal
249,26,19,4377.91,4,4,4,Loyal
250,12,17,3610.19,5,4,4,Loyal
251,53,17,6274.78,3,4,5,Loyal
252,20,14,5001.15,5,4,4,Loyal
253,54,13,3230.81,3,4,3,Potential Loyalist
254,48,16,4721.0,3,4,4,Potential Loyalist
255,99,19,7308.51,3,4,5,Loyal
256,68,12,4559.23,3,3,4,Potential Loyalist
257,6,12,4676.81,5,3,4,Loyal
258,9,19,5486.91,5,4,4,Loyal
259,121,8,2293.74,2,2,3,At Risk
260,28,14,4075.01,4,4,4,Loyal
261,82,11,3015.51,3,3,3,Potential Loyalist
262,93,10,2515.06,3,3,3,Potential Loyalist
263,100,18,9359.84,3,4,5,Loyal
264,65,15,3460.58,3,4,4,Potential Loyalist
265,111,11,3137.45,2,3,3,At Risk
266,8,20,5191.53,5,4,4,Loyal
267,43,20,6123.52,4,4,5,Loyal
268,108,12,2442.45,2,3,3,At Risk
269,107,11,3308.43,2,3,3,At Risk
270,62,15,4045.58,3,4,4,Potential Loyalist
271,8,21,10196.75,5,5,5,Champions
272,110,9,1306.41,2,3,1,At Risk
273,61,17,5313.93,3,4,4,Potential Loyalist
274,67,8,1220.81,3,2,1,Promising
275,157,15,6108.28,2,4,5,Loyal
276,8,8,4284.38,5,2,4,Loyal
277,31,15,2674.93,4,4,3,Loyal
278,5,14,5148.62,5,4,4,Loyal
279,140,20,4928.67,2,4,4,Potential Loyalist
280,65,13,5416.73,3,4,4,Potential Loyalist
281,304,11,5552.77,1,3,4,Hibernating
282,39,11,3005.38,4,3,3,Promising
283,24,20,5235.38,4,4,4,Loyal
284,53,13,2579.3,3,4,3,Potential Loyalist
285,36,23,4830.31,4,5,4,Loyal
286,111,14,6466.45,2,4,5,Loyal
287,361,9,1543.83,1,3,2,At Risk
288,37,18,4028.12,4,4,4,Loyal
289,310,10,3877.52,1,3,4,Hibernating
290,113,13,3578.87,2,4,4,Potential Loyalist
291,30,13,3579.64,4,4,4,Loyal
292,76,10,2098.11,3,3,2,Potential Loyalist
293,43,10,2995.52,4,3,3,Promising
294,17,17,4137.57,5,4,4,Loyal
295,10,18,9197.87,5,4,5,Champions
296,15,14,4477.01,5,4,4,Loyal
297,9,12,3857.12,5,3,4,Loyal
298,54,16,4103.71,3,4,4,Potential Loyalist
299,191,18,5389.62,2,4,4,Potential Loyalist
300,66,11,3343.32,3,3,3,Potential Loyalist
301,65,13,4076.86,3,4,4,Potential Loyalist
302,55,16,4906.68,3,4,4,Potential Loyalist
303,25,21,7165.83,4,5,5,Loyal
304,52,22,7699.77,3,5,5,Potential Loyalist
305,5,13,2637.34,5,4,3,Loyal
306,393,12,4741.22,1,3,4,Hibernating
307,37,12,3648.95,4,3,4,Loyal
308,105,12,1890.05,2,3,2,At Risk
309,45,13,3101.51,4,4,3,Loyal
310,494,12,3688.1,1,3,4,Hibernating
311,54,16,4797.67,3,4,4,Potential Loyalist
312,32,19,5679.07,4,4,5,Loyal
313,208,16,3695.19,1,4,4,Potential Loyalist
314,3,11,2354.46,5,3,3,Promising
315,3,16,4860.42,5,4,4,Loyal
316,88,16,6016.99,3,4,5,Loyal
317,9,18,4245.88,5,4,4,Loyal
318,50,10,2038.95,3,3,2,Potential Loyalist
319,128,13,4286.24,2,4,4,Potential Loyalist
320,91,8,2363.15,3,2,3,Potential Loyalist
321,45,12,3831.31,4,3,4,Loyal
322,47,16,9314.95,4,4,5,Loyal
323,165,20,5718.08,2,4,5,Loyal
324,83,15,5550.97,3,4,4,Potential Loyalist
325,11,17,3959.49,5,4,4,Loyal
326,248,11,1408.22,1,3,2,At Risk
327,38,16,3482.91,4,4,4,Loyal
328,337,14,3034.13,1,4,3,Hibernating
329,10,8,1297.03,5,2,1,Promising
330,114,9,2888.27,2,3,3,At Risk
331,5,13,3359.25,5,4,3,Loyal
332,183,10,4278.5,2,3,4,Potential Loyalist
333,127,15,5070.16,2,4,4,Potential Loyalist
334,31,11,3606.07,4,3,4,Loyal
335,18,15,3825.76,5,4,4,Loyal
336,10,11,997.09,5,3,1,Promising
337,125,19,4232.46,2,4,4,Potential Loyalist
338,253,12,3771.61,1,3,4,Hibernating
339,87,14,4470.52,3,4,4,Potential Loyalist
340,59,6,1845.19,3,1,2,Promising
341,50,9,1516.67,3,3,2,Potential Loyalist
342,11,12,3666.0,5,3,4,Loyal
343,104,6,1207.37,2,1,1,Lost
344,22,8,2781.67,4,2,3,Promising
345,41,14,4382.04,4,4,4,Loyal
346,46,11,2933.58,4,3,3,Promising
347,144,10,1448.6,2,3,2,At Risk
348,29,14,3209.33,4,4,3,Loyal
349,179,7,4164.75,2,2,4,At Risk
350,5,17,5568.69,5,4,4,Loyal
351,116,10,1023.03,2,3,1,At Risk
352,78,11,2311.44,3,3,3,Potential Loyalist
353,4,12,2277.78,5,3,3,Promising
354,20,11,2874.97,5,3,3,Promising
355,69,10,2572.33,3,3,3,Potential Loyalist
356,42,13,2777.51,4,4,3,Loyal
357,238,12,5627.97,1,3,5,Hibernating
358,12,16,3096.42,5,4,3,Loyal
359,45,10,3009.17,4,3,3,Promising
360,111,13,3387.98,2,4,4,Potential Loyalist
361,21,14,3946.55,4,4,4,Loyal
362,103,7,1469.36,2,2,2,At Risk
363,91,13,2569.7,3,4,3,Potential Loyalist
364,182,15,6320.89,2,4,5,Loyal
365,17,6,2100.95,5,1,2,Promising
366,87,11,4316.88,3,3,4,Potential Loyalist
367,172,5,658.01,2,1,1,Lost
368,16,15,3436.53,5,4,4,Loyal
369,81,8,1245.4,3,2,1,Promising
370,35,13,4295.7,4,4,4,Loyal
371,12,11,2815.12,5,3,3,Promising
372,64,14,3336.42,3,4,3,Potential Loyalist
373,232,11,2762.48,1,3,3,Hibernating
374,59,9,1903.68,3,3,2,Potential Loyalist
375,126,9,1706.41,2,3,2,At Risk
376,17,9,2050.51,5,3,2,Promising
377,398,12,2475.98,1,3,3,Hibernating
378,141,8,1318.41,2,2,2,At Risk
379,56,14,5982.74,3,4,5,Loyal
380,82,13,2233.34,3,4,3,Potential Loyalist
381,8,9,2698.5,5,3,3,Promising
382,123,10,1594.23,2,3,2,At Risk
383,163,7,788.72,2,2,1,At Risk
384,101,12,3403.24,3,3,4,Potential Loyalist
385,395,8,1575.76,1,2,2,Hibernating
386,23,13,4076.01,4,4,4,Loyal
387,597,6,1089.43,1,1,1,Lost
388,20,14,5172.69,5,4,4,Loyal
389,160,19,3920.06,2,4,4,Potential Loyalist
390,21,12,2424.6,4,3,3,Promising
391,119,18,3952.36,2,4,4,Potential Loyalist
392,11,15,6130.18,5,4,5,Champions
393,104,15,2655.89,2,4,3,Potential Loyalist
394,3,17,3198.95,5,4,3,Loyal
395,145,9,2968.45,2,3,3,At Risk
396,47,5,2230.31,4,1,3,Promising
397,118,15,3155.58,2,4,3,Potential Loyalist
398,94,13,5865.33,3,4,5,Loyal
399,227,5,1361.07,1,1,2,Hibernating
400,9,13,2778.92,5,4,3,Loyal
401,380,9,2139.02,1,3,2,At Risk
402,172,7,2760.49,2,2,3,At Risk
403,43,10,2727.81,4,3,3,Promising
404,18,10,1990.44,5,3,2,Promising
405,280,12,3763.46,1,3,4,Hibernating
406,397,12,1955.93,1,3,2,At Risk
407,84,7,3404.63,3,2,4,Potential Loyalist
408,83,12,2988.55,3,3,3,Potential Loyalist
409,42,13,3156.3,4,4,3,Loyal
410,136,12,2863.74,2,3,3,At Risk
411,84,12,2664.97,3,3,3,Potential Loyalist
412,257,10,1489.96,1,3,2,At Risk
413,2,18,5074.85,5,4,4,Loyal
414,94,15,4243.89,3,4,4,Potential Loyalist
415,157,8,2251.9,2,2,3,At Risk
416,66,8,1326.25,3,2,2,Promising
417,28,19,5985.48,4,4,5,Loyal
418,174,10,3257.43,2,3,3,At Risk
419,152,15,4648.67,2,4,4,Potential Loyalist
420,80,6,2461.67,3,1,3,Potential Loyalist
421,7,6,2225.2,5,1,3,Promising
422,139,11,2330.86,2,3,3,At Risk
423,252,7,1007.62,1,2,1,Hibernating
424,92,10,3385.92,3,3,4,Potential Loyalist
425,29,15,4565.16,4,4,4,Loyal
426,37,8,1885.63,4,2,2,Promising
427,120,10,2427.72,2,3,3,At Risk
428,23,17,4624.66,4,4,4,Loyal
429,369,8,1498.08,1,2,2,Hibernating
430,16,12,2610.97,5,3,3,Promising
431,237,10,1813.82,1,3,2,At Risk
432,238,8,2751.21,1,2,3,At Risk
433,86,12,2188.91,3,3,3,Potential Loyalist
434,5,7,1289.86,5,2,1,Promising
435,115,10,2299.63,2,3,3,At Risk
436,94,11,4902.4,3,3,4,Potential Loyalist
437,105,17,3787.18,2,4,4,Potential Loyalist
438,125,5,3080.36,2,1,3,At Risk
439,270,10,3560.25,1,3,4,Hibernating
440,30,15,4271.65,4,4,4,Loyal
441,61,7,2078.51,3,2,2,Promising
442,40,8,4139.41,4,2,4,Loyal
443,171,10,2409.5,2,3,3,At Risk
444,96,7,1183.94,3,2,1,Promising
445,42,7,1578.38,4,2,2,Promising
446,20,8,1645.4,5,2,2,Promising
447,11,13,2151.23,5,4,2,Loyal
448,336,6,1586.39,1,1,2,Hibernating
449,5,15,5435.87,5,4,4,Loyal
450,89,15,3465.18,3,4,4,Potential Loyalist
451,26,11,2259.94,4,3,3,Promising
452,211,13,2658.01,1,4,3,Hibernating
453,9,8,1473.75,5,2,2,Promising
454,125,12,3322.2,2,3,3,At Risk
455,33,12,3781.04,4,3,4,Loyal
456,19,6,1641.1,5,1,2,Promising
457,39,8,2763.08,4,2,3,Promising
458,77,13,5089.79,3,4,4,Potential Loyalist
459,241,6,2163.08,1,1,2,Hibernating
460,25,7,734.09,4,2,1,Promising
461,370,9,3082.75,1,3,3,Hibernating
462,839,2,175.58,1,1,1,Lost
463,511,6,3425.52,1,1,4,Hibernating
464,50,15,3965.92,3,4,4,Potential Loyalist
465,33,11,3341.27,4,3,3,Promising
466,13,7,992.19,5,2,1,Promising
467,67,7,2025.47,3,2,2,Promising
468,51,8,2123.09,3,2,2,Promising
469,106,11,4624.09,2,3,4,Potential Loyalist
470,8,7,623.13,5,2,1,Promising
471,479,4,1550.17,1,1,2,Hibernating
472,61,10,1272.35,3,3,1,Potential Loyalist
473,39,7,2492.71,4,2,3,Promising
474,422,5,1158.55,1,1,1,Lost
475,79,11,2104.93,3,3,2,Potential Loyalist
476,59,8,1620.69,3,2,2,Promising
477,198,7,2700.08,1,2,3,At Risk
478,301,8,3457.28,1,2,4,At Risk
479,19,8,2044.51,5,2,2,Promising
480,171,13,5910.2,2,4,5,Loyal
481,30,8,3335.2,4,2,3,Promising
482,56,4,437.59,3,1,1,Lost
483,243,7,1167.37,1,2,1,Hibernating
484,234,11,2633.35,1,3,3,Hibernating
485,29,12,5072.07,4,3,4,Loyal
486,140,10,3135.86,2,3,3,At Risk
487,335,11,1858.71,1,3,2,At Risk
488,42,11,1581.08,4,3,2,Promising
489,23,11,1895.0,4,3,2,Promising
490,51,7,798.36,3,2,1,Promising
491,79,14,3577.44,3,4,4,Potential Loyalist
492,87,7,827.58,3,2,1,Promising
493,199,10,3238.07,1,3,3,Hibernating
494,13,7,1844.99,5,2,2,Promising
495,208,11,4468.13,1,3,4,Hibernating
496,211,6,1918.61,1,1,2,Hibernating
497,22,9,4432.9,4,3,4,Loyal
498,82,14,3861.02,3,4,4,Potential Loyalist
499,107,6,1811.32,2,1,2,At Risk
500,17,8,1778.32,5,2,2,Promising
501,49,10,1318.14,3,3,1,Potential Loyalist
502,122,10,4162.43,2,3,4,Potential Loyalist
503,36,9,3755.78,4,3,4,Loyal
504,47,8,1115.21,4,2,1,Promising
505,7,8,1796.05,5,2,2,Promising
506,96,5,2158.13,3,1,2,Promising
507,112,14,3954.99,2,4,4,Potential Loyalist
508,128,12,3758.11,2,3,4,Potential Loyalist
509,72,16,4154.61,3,4,4,Potential Loyalist
510,419,6,1640.47,1,1,2,Hibernating
511,54,10,1941.85,3,3,2,Potential Loyalist
512,24,12,3602.48,4,3,4,Loyal
513,41,11,3727.46,4,3,4,Loyal
514,65,8,1433.53,3,2,2,Promising
515,86,10,2452.44,3,3,3,Potential Loyalist
516,46,15,3007.05,4,4,3,Loyal
517,178,9,3161.42,2,3,3,At Risk
518,53,8,1666.8,3,2,2,Promising
519,40,7,1690.77,4,2,2,Promising
520,21,7,1959.29,4,2,2,Promising
521,42,8,2578.49,4,2,3,Promising
522,7,11,3371.77,5,3,4,Loyal
523,37,9,2784.7,4,3,3,Promising
524,63,8,2754.13,3,2,3,Potential Loyalist
525,531,13,2550.99,1,4,3,Hibernating
526,28,15,3968.81,4,4,4,Loyal
527,147,4,1924.5,2,1,2,At Risk
528,285,11,2135.89,1,3,2,At Risk
529,10,5,851.36,5,1,1,Promising
530,151,7,1508.05,2,2,2,At Risk
531,28,14,5402.45,4,4,4,Loyal
532,119,6,1509.23,2,1,2,At Risk
533,45,10,2748.51,4,3,3,Promising
534,190,6,2579.04,2,1,3,At Risk
535,247,8,2408.01,1,2,3,At Risk
536,120,12,2825.44,2,3,3,At Risk
537,81,10,2425.55,3,3,3,Potential Loyalist
538,151,12,3273.84,2,3,3,At Risk
539,67,5,1011.47,3,1,1,Lost
540,7,6,1537.97,5,1,2,Promising
541,171,5,999.65,2,1,1,Lost
542,73,12,5008.61,3,3,4,Potential Loyalist
543,268,5,926.11,1,1,1,Lost
544,8,10,3111.69,5,3,3,Promising
545,113,4,1452.86,2,1,2,At Risk
546,1,13,4561.24,5,4,4,Loyal
547,276,3,480.22,1,1,1,Lost
548,355,9,2930.11,1,3,3,Hibernating
549,45,5,642.73,4,1,1,Promising
550,131,10,3386.16,2,3,4,Potential Loyalist
551,85,5,1038.99,3,1,1,Lost
552,116,12,5696.65,2,3,5,Potential Loyalist
553,27,8,1875.76,4,2,2,Promising
554,9,9,1473.42,5,3,2,Promising
555,206,6,1939.42,1,1,2,Hibernating
556,32,12,3322.31,4,3,3,Promising
557,3,10,3248.55,5,3,3,Promising
558,32,10,2116.77,4,3,2,Promising
559,114,3,706.13,2,1,1,Lost
560,184,6,1772.01,2,1,2,At Risk
561,10,11,1583.17,5,3,2,Promising
562,7,6,2204.01,5,1,3,Promising
563,220,14,5580.77,1,4,4,Potential Loyalist
564,80,5,919.43,3,1,1,Lost
565,183,8,2408.64,2,2,3,At Risk
566,252,7,2423.64,1,2,3,At Risk
567,41,6,1098.67,4,1,1,Promising
568,40,5,1086.87,4,1,1,Promising
569,151,8,1938.03,2,2,2,At Risk
570,6,11,3494.27,5,3,4,Loyal
571,49,10,2228.09,3,3,3,Potential Loyalist
572,140,13,5668.26,2,4,5,Loyal
573,23,14,4507.95,4,4,4,Loyal
574,1043,2,195.69,1,1,1,Lost
575,209,11,4659.69,1,3,4,Hibernating
576,87,10,2115.81,3,3,2,Potential Loyalist
577,240,6,2624.69,1,1,3,Hibernating
578,2,12,2834.4,5,3,3,Promising
579,175,5,1788.32,2,1,2,At Risk
580,90,8,2215.59,3,2,3,Potential Loyalist
581,305,6,3159.62,1,1,3,Hibernating
582,161,6,1852.91,2,1,2,At Risk
583,36,7,3635.67,4,2,4,Loyal
584,80,8,1722.09,3,2,2,Promising
585,8,10,2226.88,5,3,3,Promising
586,183,6,1877.21,2,1,2,At Risk
587,460,8,2554.21,1,2,3,At Risk
588,267,8,2089.36,1,2,2,Hibernating
589,138,7,1666.75,2,2,2,At Risk
590,50,5,1463.91,3,1,2,Promising
591,47,8,2896.95,4,2,3,Promising
592,11,6,821.05,5,1,1,Promising
593,73,7,846.43,3,2,1,Promising
594,150,6,1821.0,2,1,2,At Risk
595,539,8,3122.29,1,2,3,At Risk
596,11,10,3964.34,5,3,4,Loyal
597,76,7,2264.48,3,2,3,Potential Loyalist
598,38,11,2307.67,4,3,3,Promising
599,328,8,1666.17,1,2,2,Hibernating
600,28,6,3431.49,4,1,4,Loyal
601,315,7,2343.15,1,2,3,At Risk
602,43,5,1490.36,4,1,2,Promising
603,25,16,6104.88,4,4,5,Loyal
604,171,4,623.42,2,1,1,Lost
605,9,9,2248.14,5,3,3,Promising
606,191,3,889.88,2,1,1,Lost
607,109,6,2007.65,2,1,2,At Risk
608,20,13,3172.85,5,4,3,Loyal
609,225,6,1320.07,1,1,2,Hibernating
610,88,12,2377.25,3,3,3,Potential Loyalist
611,164,11,3792.97,2,3,4,Potential Loyalist
612,134,7,1997.14,2,2,2,At Risk
613,180,11,2797.35,2,3,3,At Risk
614,42,14,4849.79,4,4,4,Loyal
615,16,9,3044.16,5,3,3,Promising
616,123,4,2507.9,2,1,3,At Risk
617,241,8,2160.92,1,2,2,Hibernating
618,316,10,1729.08,1,3,2,At Risk
619,123,7,1909.34,2,2,2,At Risk
620,27,7,2623.72,4,2,3,Promising
621,86,6,2493.44,3,1,3,Potential Loyalist
622,24,6,1310.6,4,1,1,Promising
623,242,5,2188.96,1,1,3,Hibernating
624,83,5,2392.44,3,1,3,Potential Loyalist
625,41,8,2681.59,4,2,3,Promising
626,202,8,2672.63,1,2,3,At Risk
627,195,7,1121.59,1,2,1,Hibernating
628,220,6,954.53,1,1,1,Lost
629,42,11,2064.61,4,3,2,Promising
630,138,8,1379.47,2,2,2,At Risk
631,8,5,1158.16,5,1,1,Promising
632,19,2,148.45,5,1,1,Promising
633,70,6,1828.42,3,1,2,Promising
634,98,13,2993.45,3,4,3,Potential Loyalist
635,4,5,1233.16,5,1,1,Promising
636,74,5,509.52,3,1,1,Lost
637,50,11,2985.01,3,3,3,Potential Loyalist
638,29,8,2387.87,4,2,3,Promising
639,529,5,2010.12,1,1,2,Hibernating
640,209,5,3339.86,1,1,3,Hibernating
641,194,5,1155.52,1,1,1,Lost
642,704,2,490.64,1,1,1,Lost
643,226,8,705.26,1,2,1,Hibernating
644,81,9,4460.16,3,3,4,Potential Loyalist
645,26,5,1517.71,4,1,2,Promising
646,14,10,1755.94,5,3,2,Promising
647,20,7,2048.23,5,2,2,Promising
648,83,6,1401.08,3,1,2,Promising
649,122,9,3569.79,2,3,4,Potential Loyalist
650,34,7,2326.83,4,2,3,Promising
651,93,9,814.33,3,3,1,Potential Loyalist
652,231,4,1473.69,1,1,2,Hibernating
653,645,1,210.99,1,1,1,Lost
654,109,8,1312.36,2,2,1,At Risk
655,98,10,1411.55,3,3,2,Potential Loyalist
656,164,7,2046.48,2,2,2,At Risk
657,116,9,3237.13,2,3,3,At Risk
658,255,3,1146.76,1,1,1,Lost
659,14,7,1331.55,5,2,2,Promising
660,360,5,740.87,1,1,1,Lost
661,117,8,3169.82,2,2,3,At Risk
662,217,5,1240.29,1,1,1,Lost
663,286,4,1654.54,1,1,2,Hibernating
664,73,8,2276.69,3,2,3,Potential Loyalist
665,122,8,1498.99,2,2,2,At Risk
666,103,6,1002.71,2,1,1,Lost
667,64,3,1044.15,3,1,1,Lost
668,104,3,1046.17,2,1,1,Lost
669,410,4,1221.05,1,1,1,Lost
670,28,9,2185.43,4,3,3,Promising
671,153,10,1735.28,2,3,2,At Risk
672,77,12,4142.81,3,3,4,Potential Loyalist
673,236,4,1597.23,1,1,2,Hibernating
674,127,6,989.51,2,1,1,Lost
675,182,6,1502.12,2,1,2,At Risk
676,24,9,2019.44,4,3,2,Promising
677,281,6,1869.08,1,1,2,Hibernating
678,164,7,1324.61,2,2,2,At Risk
679,504,2,185.43,1,1,1,Lost
680,135,3,290.17,2,1,1,Lost
681,116,6,2392.84,2,1,3,At Risk
682,131,7,2694.86,2,2,3,At Risk
683,187,12,5725.76,2,3,5,Potential Loyalist
684,12,14,2984.48,5,4,3,Loyal
685,3,8,2595.43,5,2,3,Promising
686,323,5,727.78,1,1,1,Lost
687,272,7,2207.69,1,2,3,At Risk
688,323,9,1461.38,1,3,2,At Risk
689,37,6,1524.21,4,1,2,Promising
690,111,10,2893.39,2,3,3,At Risk
691,164,4,734.11,2,1,1,Lost
692,401,8,2265.64,1,2,3,At Risk
693,157,4,851.04,2,1,1,Lost
694,542,4,463.37,1,1,1,Lost
695,28,16,4020.36,4,4,4,Loyal
696,141,6,897.33,2,1,1,Lost
697,74,7,1514.31,3,2,2,Promising
698,101,6,789.63,3,1,1,Lost
699,241,4,1082.47,1,1,1,Lost
700,391,6,799.66,1,1,1,Lost
701,285,4,1193.63,1,1,1,Lost
702,93,10,4276.55,3,3,4,Potential Loyalist
703,48,9,2387.45,3,3,3,Potential Loyalist
704,265,3,128.29,1,1,1,Lost
705,218,4,2908.2,1,1,3,Hibernating
706,152,10,2764.9,2,3,3,At Risk
707,57,3,693.68,3,1,1,Lost
708,82,10,4191.02,3,3,4,Potential Loyalist
709,414,9,964.04,1,3,1,Hibernating
710,328,8,2704.31,1,2,3,At Risk
711,44,4,1544.61,4,1,2,Promising
712,187,5,2031.3,2,1,2,At Risk
713,157,5,888.29,2,1,1,Lost
714,186,5,1400.36,2,1,2,At Risk
715,715,4,1310.73,1,1,1,Lost
716,126,9,2993.95,2,3,3,At Risk
717,108,7,2420.82,2,2,3,At Risk
718,173,5,1297.7,2,1,1,Lost
719,154,9,1517.43,2,3,2,At Risk
720,265,6,1714.73,1,1,2,Hibernating
721,50,10,2343.42,3,3,3,Potential Loyalist
722,297,8,4116.08,1,2,4,At Risk
723,240,4,547.88,1,1,1,Lost
724,32,5,829.47,4,1,1,Promising
725,198,8,2713.22,1,2,3,At Risk
726,101,15,5349.02,3,4,4,Potential Loyalist
727,61,6,1448.49,3,1,2,Promising
728,6,10,3926.01,5,3,4,Loyal
729,324,10,3911.17,1,3,4,Hibernating
730,159,10,1944.21,2,3,2,At Risk
731,76,9,3294.35,3,3,3,Potential Loyalist
732,158,7,1643.94,2,2,2,At Risk
733,502,3,1106.74,1,1,1,Lost
734,45,7,2046.8,4,2,2,Promising
735,532,5,1795.31,1,1,2,Hibernating
736,23,9,1799.9,4,3,2,Promising
737,90,13,2607.91,3,4,3,Potential Loyalist
738,646,5,1799.3,1,1,2,Hibernating
739,74,9,2898.01,3,3,3,Potential Loyalist
740,195,5,1698.27,1,1,2,Hibernating
741,186,7,4378.96,2,2,4,At Risk
742,13,8,3460.75,5,2,4,Loyal
743,143,6,1646.02,2,1,2,At Risk
744,37,7,1826.47,4,2,2,Promising
745,233,3,661.35,1,1,1,Lost
746,329,6,1074.44,1,1,1,Lost
747,81,6,565.41,3,1,1,Lost
748,347,8,1593.47,1,2,2,Hibernating
749,156,3,259.74,2,1,1,Lost
750,120,8,3358.62,2,2,3,At Risk
751,120,8,1848.56,2,2,2,At Risk
752,29,7,2100.21,4,2,2,Promising
753,51,12,4497.15,3,3,4,Potential Loyalist
754,4,8,1908.21,5,2,2,Promising
755,100,7,1793.99,3,2,2,Promising
756,213,2,482.92,1,1,1,Lost
757,109,7,2064.1,2,2,2,At Risk
758,924,4,341.5,1,1,1,Lost
759,22,5,643.69,4,1,1,Promising
760,221,5,1317.65,1,1,1,Lost
761,262,4,326.14,1,1,1,Lost
762,138,9,2189.39,2,3,3,At Risk
763,46,8,1447.68,4,2,2,Promising
764,132,4,1412.55,2,1,2,At Risk
765,168,8,1144.17,2,2,1,At Risk
766,16,6,1248.37,5,1,1,Promising
767,18,2,221.2,5,1,1,Promising
768,368,4,470.51,1,1,1,Lost
769,367,6,2037.67,1,1,2,Hibernating
770,169,6,3189.24,2,1,3,At Risk
771,33,2,352.93,4,1,1,Promising
772,36,12,3018.88,4,3,3,Promising
773,15,9,1973.88,5,3,2,Promising
774,596,5,946.04,1,1,1,Lost
775,201,4,1199.51,1,1,1,Lost
776,119,12,4302.74,2,3,4,Potential Loyalist
777,639,6,2003.68,1,1,2,Hibernating
778,415,3,285.52,1,1,1,Lost
779,88,7,2510.0,3,2,3,Potential Loyalist
780,405,8,3811.89,1,2,4,At Risk
781,74,2,580.65,3,1,1,Lost
782,709,3,424.84,1,1,1,Lost
783,157,8,2179.42,2,2,3,At Risk
784,86,6,3425.54,3,1,4,Potential Loyalist
785,38,8,3221.03,4,2,3,Promising
786,445,6,1390.3,1,1,2,Hibernating
787,318,6,1136.36,1,1,1,Lost
788,50,6,802.98,3,1,1,Lost
789,81,12,5194.77,3,3,4,Potential Loyalist
790,86,11,2680.22,3,3,3,Potential Loyalist
791,186,11,3275.27,2,3,3,At Risk
792,42,9,3760.53,4,3,4,Loyal
793,456,3,639.64,1,1,1,Lost
794,196,3,181.1,1,1,1,Lost
795,31,7,1883.07,4,2,2,Promising
796,235,10,2393.79,1,3,3,Hibernating
797,177,7,2449.55,2,2,3,At Risk
798,192,4,521.99,1,1,1,Lost
799,63,1,496.18,3,1,1,Lost
800,119,8,2231.55,2,2,3,At Risk
801,259,8,2272.97,1,2,3,At Risk
802,29,6,2134.62,4,1,2,Promising
803,113,8,4966.83,2,2,4,At Risk
804,233,7,1560.41,1,2,2,Hibernating
805,47,9,4176.83,4,3,4,Loyal
806,356,5,2729.81,1,1,3,Hibernating
807,139,6,1387.14,2,1,2,At Risk
808,217,4,1368.49,1,1,2,Hibernating
809,146,10,5628.28,2,3,5,Potential Loyalist
810,123,8,2061.34,2,2,2,At Risk
811,63,8,2253.75,3,2,3,Potential Loyalist
812,80,7,1030.31,3,2,1,Promising
813,15,7,2266.41,5,2,3,Promising
814,429,4,565.68,1,1,1,Lost
815,25,11,5058.01,4,3,4,Loyal
816,12,5,615.14,5,1,1,Promising
817,243,3,616.8,1,1,1,Lost
818,23,3,294.57,4,1,1,Promising
819,407,2,556.43,1,1,1,Lost
820,109,4,191.12,2,1,1,Lost
821,516,2,398.52,1,1,1,Lost
822,30,7,1725.51,4,2,2,Promising
823,85,13,4620.69,3,4,4,Potential Loyalist
824,29,8,1821.42,4,2,2,Promising
825,242,5,1108.79,1,1,1,Lost
826,327,5,1599.68,1,1,2,Hibernating
827,136,4,961.84,2,1,1,Lost
828,100,7,1484.19,3,2,2,Promising
829,142,8,953.26,2,2,1,At Risk
830,108,10,3416.16,2,3,4,Potential Loyalist
831,256,5,1783.96,1,1,2,Hibernating
832,42,6,2729.43,4,1,3,Promising
833,3,6,1779.94,5,1,2,Promising
834,9,7,2570.36,5,2,3,Promising
835,416,5,1958.85,1,1,2,Hibernating
836,4,8,3313.39,5,2,3,Promising
837,456,2,124.41,1,1,1,Lost
838,219,6,710.59,1,1,1,Lost
839,311,5,1574.4,1,1,2,Hibernating
840,30,3,403.1,4,1,1,Promising
841,153,3,492.63,2,1,1,Lost
842,56,4,1351.23,3,1,2,Promising
843,93,7,1625.11,3,2,2,Promising
844,133,4,1413.06,2,1,2,At Risk
845,332,5,959.6,1,1,1,Lost
846,32,7,1602.58,4,2,2,Promising
847,180,4,1257.17,2,1,1,Lost
848,130,9,2033.59,2,3,2,At Risk
849,8,7,3522.25,5,2,4,Loyal
850,716,2,298.22,1,1,1,Lost
851,75,8,893.5,3,2,1,Promising
852,76,6,1366.62,3,1,2,Promising
853,59,9,1598.92,3,3,2,Potential Loyalist
854,82,5,640.36,3,1,1,Lost
855,299,3,415.27,1,1,1,Lost
856,13,9,1898.18,5,3,2,Promising
857,533,5,1056.02,1,1,1,Lost
858,1,3,2133.28,5,1,2,Promising
859,577,3,786.48,1,1,1,Lost
860,129,14,5365.39,2,4,4,Potential Loyalist
861,107,7,2443.22,2,2,3,At Risk
862,369,8,2213.03,1,2,3,At Risk
863,32,4,1741.1,4,1,2,Promising
864,375,4,298.8,1,1,1,Lost
865,376,3,367.77,1,1,1,Lost
866,222,6,1573.07,1,1,2,Hibernating
867,202,10,2188.08,1,3,3,Hibernating
868,285,7,1541.01,1,2,2,Hibernating
869,24,9,2996.98,4,3,3,Promising
870,11,6,1710.7,5,1,2,Promising
871,172,6,2582.85,2,1,3,At Risk
872,115,5,224.01,2,1,1,Lost
873,25,10,2523.3,4,3,3,Promising
874,533,8,2341.02,1,2,3,At Risk
875,273,5,756.02,1,1,1,Lost
876,22,6,1145.02,4,1,1,Promising
877,231,8,1764.01,1,2,2,Hibernating
878,520,6,2992.84,1,1,3,Hibernating
879,63,6,728.47,3,1,1,Lost
880,128,8,3670.46,2,2,4,At Risk
881,14,6,1233.69,5,1,1,Promising
882,41,6,1186.79,4,1,1,Promising
883,162,2,759.36,2,1,1,Lost
884,192,5,2067.0,1,1,2,Hibernating
885,274,6,1731.74,1,1,2,Hibernating
886,272,6,629.58,1,1,1,Lost
887,131,6,2222.31,2,1,3,At Risk
888,163,9,2689.68,2,3,3,At Risk
889,69,2,1267.54,3,1,1,Lost
890,136,10,2433.32,2,3,3,At Risk
891,111,3,577.0,2,1,1,Lost
892,373,10,1083.72,1,3,1,Hibernating
893,1,9,2866.26,5,3,3,Promising
894,129,2,199.54,2,1,1,Lost
895,116,4,1399.53,2,1,2,At Risk
896,210,6,1021.25,1,1,1,Lost
897,158,3,362.3,2,1,1,Lost
898,320,7,1243.01,1,2,1,Hibernating
899,462,6,1129.97,1,1,1,Lost
900,24,7,980.84,4,2,1,Promising
901,34,3,733.93,4,1,1,Promising
902,257,4,1898.06,1,1,2,Hibernating
903,37,4,1750.18,4,1,2,Promising
904,103,8,3590.96,2,2,4,At Risk
905,69,5,1366.11,3,1,2,Promising
906,654,3,461.0,1,1,1,Lost
907,650,2,418.54,1,1,1,Lost
908,70,9,3230.1,3,3,3,Potential Loyalist
909,80,8,3867.26,3,2,4,Potential Loyalist
910,567,3,1118.3,1,1,1,Lost
911,147,3,970.51,2,1,1,Lost
912,190,6,1589.23,2,1,2,At Risk
913,222,4,555.09,1,1,1,Lost
914,845,3,578.33,1,1,1,Lost
915,94,3,333.12,3,1,1,Lost
916,1,5,1044.08,5,1,1,Promising
917,63,11,1919.99,3,3,2,Potential Loyalist
918,143,6,690.6,2,1,1,Lost
919,130,7,1340.12,2,2,2,At Risk
920,15,11,2618.29,5,3,3,Promising
921,324,8,2177.68,1,2,2,Hibernating
922,195,4,1056.88,1,1,1,Lost
923,141,4,712.7,2,1,1,Lost
924,98,5,1035.2,3,1,1,Lost
925,245,4,1055.92,1,1,1,Lost
926,284,3,600.09,1,1,1,Lost
927,414,3,485.23,1,1,1,Lost
928,259,6,1536.97,1,1,2,Hibernating
929,114,6,1211.33,2,1,1,Lost
930,21,9,2598.87,4,3,3,Promising
931,15,3,1214.33,5,1,1,Promising
932,124,4,1424.45,2,1,2,At Risk
933,95,6,2906.39,3,1,3,Potential Loyalist
934,429,7,3225.78,1,2,3,At Risk
935,547,5,1416.61,1,1,2,Hibernating
936,39,6,1496.94,4,1,2,Promising
938,118,5,1071.6,2,1,1,Lost
939,16,8,1134.62,5,2,1,Promising
940,824,2,237.87,1,1,1,Lost
941,18,5,2352.44,5,1,3,Promising
942,144,6,893.19,2,1,1,Lost
943,87,5,1030.48,3,1,1,Lost
944,296,5,1996.4,1,1,2,Hibernating
945,951,1,618.68,1,1,1,Lost
946,197,5,1708.59,1,1,2,Hibernating
947,105,7,2011.66,2,2,2,At Risk
948,1097,1,459.08,1,1,1,Lost
949,294,4,628.78,1,1,1,Lost
950,313,5,1480.58,1,1,2,Hibernating
951,203,4,1345.78,1,1,2,Hibernating
952,126,13,1449.41,2,4,2,At Risk
953,31,8,2123.41,4,2,2,Promising
954,189,8,1023.32,2,2,1,At Risk
955,48,11,1651.68,3,3,2,Potential Loyalist
957,84,4,1051.11,3,1,1,Lost
958,56,6,1828.37,3,1,2,Promising
959,51,6,878.94,3,1,1,Lost
960,236,5,868.78,1,1,1,Lost
961,34,6,776.5,4,1,1,Promising
962,513,1,315.09,1,1,1,Lost
963,182,5,2646.9,2,1,3,At Risk
964,78,8,1457.29,3,2,2,Promising
965,123,2,260.4,2,1,1,Lost
966,109,4,560.41,2,1,1,Lost
967,591,1,129.84,1,1,1,Lost
968,122,8,2381.49,2,2,3,At Risk
969,60,7,5057.65,3,2,4,Potential Loyalist
970,196,4,1031.91,1,1,1,Lost
971,266,5,1404.73,1,1,2,Hibernating
972,186,6,2299.82,2,1,3,At Risk
973,17,5,1722.15,5,1,2,Promising
974,10,7,1760.19,5,2,2,Promising
975,244,4,760.71,1,1,1,Lost
976,151,4,860.36,2,1,1,Lost
977,48,5,1389.66,3,1,2,Promising
978,390,10,3118.86,1,3,3,Hibernating
979,73,4,3134.12,3,1,3,Potential Loyalist
980,38,7,1796.75,4,2,2,Promising
981,33,6,1129.6,4,1,1,Promising
982,209,4,1502.67,1,1,2,Hibernating
983,37,5,2510.64,4,1,3,Promising
984,414,3,2168.88,1,1,2,Hibernating
985,164,3,124.32,2,1,1,Lost
986,399,5,1143.02,1,1,1,Lost
987,137,4,693.81,2,1,1,Lost
988,63,4,1194.69,3,1,1,Lost
989,77,8,2089.08,3,2,2,Promising
990,31,5,965.2,4,1,1,Promising
991,36,6,1154.54,4,1,1,Promising
992,449,6,1238.78,1,1,1,Lost
993,184,3,334.79,2,1,1,Lost
994,164,3,427.99,2,1,1,Lost
995,55,4,1201.59,3,1,1,Lost
996,111,4,192.93,2,1,1,Lost
997,410,3,775.97,1,1,1,Lost
998,157,4,1556.75,2,1,2,At Risk
999,383,5,2112.2,1,1,2,Hibernating
1000,84,6,1680.8,3,1,2,Promising
